Crop,Region,Season,Year,Area,Rainfall,Temperature,Fertilizer,Pesticide,Yield
Rice,Telangana,Kharif,2020,1200,950,28,150,1.2,3.42
Rice,Punjab,Kharif,2020,1800,1100,27,180,1.5,3.85
Rice,Karnataka,Kharif,2021,1450,1050,26,160,1.3,3.51
Wheat,Punjab,Rabi,2021,2200,620,18,170,1.1,4.12
Wheat,Uttar Pradesh,Rabi,2020,2500,680,19,155,1.0,3.76
Wheat,Maharashtra,Rabi,2022,1300,720,21,145,0.9,3.21
Maize,Telangana,Kharif,2021,1100,900,27,140,1.0,3.58
Maize,Karnataka,Kharif,2022,1600,820,26,155,1.2,3.71
Maize,Maharashtra,Summer,2020,900,760,29,135,1.1,3.25
Cotton,Telangana,Kharif,2022,1900,850,29,130,1.4,1.82
Cotton,Maharashtra,Kharif,2021,2400,780,28,125,1.3,1.65
Cotton,Karnataka,Kharif,2020,1700,910,27,135,1.2,1.74
Sugarcane,Maharashtra,Summer,2021,3000,1050,27,200,2.0,68.4
Sugarcane,Uttar Pradesh,Kharif,2020,3500,980,26,190,1.8,64.7
Sugarcane,Karnataka,Kharif,2022,2800,1150,28,210,2.1,72.1
Rice,Telangana,Kharif,2022,1350,1020,27,165,1.4,3.68
Rice,Punjab,Kharif,2021,1950,1080,26,175,1.4,4.01
Wheat,Punjab,Rabi,2022,2300,650,17,185,1.2,4.28
Maize,Telangana,Kharif,2022,1250,970,28,150,1.1,3.82
Cotton,Telangana,Kharif,2023,2000,920,30,145,1.5,1.91
Rice,Maharashtra,Summer,2021,1000,880,29,140,1.0,3.05
Wheat,Karnataka,Rabi,2021,1150,700,20,140,0.9,3.18
Maize,Punjab,Kharif,2020,1400,870,25,150,1.0,3.62
Cotton,Maharashtra,Kharif,2022,2600,830,29,140,1.4,1.79
Sugarcane,Telangana,Kharif,2021,2700,1000,27,195,1.9,66.8
Rice,Karnataka,Kharif,2023,1550,1080,27,170,1.4,3.77
Wheat,Uttar Pradesh,Rabi,2022,2700,640,18,165,1.1,3.94
Maize,Maharashtra,Kharif,2023,1750,930,27,165,1.3,3.89
Cotton,Karnataka,Kharif,2023,1850,890,28,140,1.3,1.86
Sugarcane,Uttar Pradesh,Kharif,2022,3700,1030,27,205,2.0,69.2
